City,Cloudiness,Country,Date,Humidity,Lat,Lan,Max_Temp,Wind_Speed
zyryanka,100,RU,1647913560,90,65.75,150.85,7.99,17.07
trujillo,91,PE,1647913560,88,-8.116,-79.03,66.16,10.36
atuona,75,PF,1647913561,76,-9.8,-139.0333,79.38,14.45
sitka,75,US,1647913561,76,57.0531,-135.33,44.49,3.44
lompoc,0,US,1647913561,67,34.6391,-120.4579,69.94,25.99
cape town,0,ZA,1647913447,86,-33.9258,18.4232,68.11,12.66
sofiysk,,,,,,,,
vila franca do campo,94,PT,1647913562,74,37.7167,-25.4333,57.61,10.27
wukari,100,NG,1647913563,43,7.85,9.7833,79.92,6.67
amderma,,,,,,,,
chara,24,RU,1647913563,73,56.9064,118.2631,15.33,3.27
lata,100,PT,1647913564,83,40.1629,-8.3327,51.93,3
naze,97,JP,1647913328,90,28.3667,129.4833,65.32,15.23
barentsburg,,,,,,,,
ushuaia,40,AR,1647913565,71,-54.8,-68.3,49.66,8.05
maniitsoq,100,GL,1647913565,78,65.4167,-52.9,-2.11,3.69
barrow,0,US,1647913565,71,71.2906,-156.7887,-7.58,6.91
vaini,100,TO,1647913565,79,-21.2,-175.2,81.63,14.85
grindavik,100,IS,1647913566,100,63.8424,-22.4338,42.75,17.27
nocupetaro,6,MX,1647913566,22,19.05,-101.15,80.67,4.38
taltal,2,CL,1647913566,76,-25.4,-70.4833,66.67,4.18
bonthe,98,SL,1647913566,85,7.5264,-12.505,76.73,4.65
kamennomostskiy,23,RU,1647913567,65,44.2983,40.1856,27.95,3.71
hornepayne,13,CA,1647913567,96,49.2138,-84.7705,15.17,3.65
arraial do cabo,31,BR,1647913567,66,-22.9661,-42.0278,74.89,12.3
qaanaaq,100,GL,1647913568,87,77.484,-69.3632,-6.23,5.73
punta arenas,75,CL,1647913568,71,-53.15,-70.9167,51.91,18.41
rikitea,1,PF,1647913568,65,-23.1203,-134.9692,79.65,11.1
hobart,75,AU,1647913568,91,-42.8794,147.3294,62.46,5.75
kirakira,52,SB,1647913569,74,-10.4544,161.9205,83.95,5.44
jamestown,100,US,1647913569,36,42.097,-79.2353,46.04,10.36
egvekinot,100,RU,1647913569,92,66.3167,-179.1667,16.72,4.94
tarakan,75,ID,1647913570,100,3.3,117.6333,76.5,4.61
krasnoselkup,6,RU,1647913570,96,65.7,82.4667,-8.75,7.61
kruisfontein,0,ZA,1647913570,85,-34.0033,24.7314,60.89,4.59
bethel,0,US,1647913570,31,41.3712,-73.414,53.69,12.66
alofi,100,NU,1647913571,70,-19.0595,-169.9187,87.69,9.22
cidreira,68,BR,1647913571,72,-30.1811,-50.2056,70.07,21.54
iqaluit,75,CA,1647913571,76,63.7506,-68.5145,-7.31,24.16
bathsheba,75,BB,1647913571,78,13.2167,-59.5167,75.81,9.22
sao filipe,6,CV,1647913572,74,14.8961,-24.4956,69.6,12.15
coquimbo,0,CL,1647913572,88,-29.9533,-71.3436,60.53,3.44
belushya guba,,,,,,,,
nouadhibou,0,MR,1647913435,77,20.931,-17.0347,62.58,18.41
gumushane,,,,,,,,
severo-kurilsk,100,RU,1647913573,62,50.6789,156.125,28.62,20.49
clyde river,100,CA,1647913573,77,70.4692,-68.5914,-9.17,4.61
avarua,40,CK,1647913574,70,-21.2078,-159.775,84.25,18.41
busselton,2,AU,1647913536,47,-33.65,115.3333,66.74,10.65
thompson,100,CA,1647913574,44,55.7435,-97.8558,33.96,6.91
aripuana,74,BR,1647913574,99,-9.1667,-60.6333,71.01,2.06
port alfred,0,ZA,1647913575,86,-33.5906,26.891,69.4,8.81
mataura,94,NZ,1647913575,47,-46.1927,168.8643,74.66,5.55
severnoye,100,RU,1647913575,95,56.3491,78.3619,15.69,7.05
georgetown,20,MY,1647913535,82,5.4112,100.3354,84.13,5.01
hilo,100,US,1647913544,68,19.7297,-155.09,80.33,9.22
manzhouli,2,CN,1647913576,68,49.6,117.4333,26.15,5.06
gisors,10,FR,1647913576,86,49.2818,1.7801,51.06,5.3
east london,6,ZA,1647913577,85,-33.0153,27.9116,68.94,8.7
aklavik,93,CA,1647913577,90,68.2191,-135.0107,-2.2,2.8
bluff,19,NZ,1647913577,69,-46.6,168.3333,64.99,5.79
kargasok,100,RU,1647913577,95,59.0556,80.8572,16.38,6.69
gizo,62,SB,1647913578,64,-8.103,156.8419,86.02,7.23
saint anthony,0,US,1647913578,68,45.0205,-93.218,55.29,13.8
nuevitas,0,CU,1647913578,74,21.5453,-77.2644,75.99,12.37
olafsvik,100,IS,1647913579,97,64.8945,-23.7142,36.93,18.5
lorengau,100,PG,1647913579,69,-2.0226,147.2712,84.85,3.22
pacific grove,0,US,1647913579,68,36.6177,-121.9166,62.55,9.22
tamasopo,7,MX,1647913579,57,21.9333,-99.4833,68.59,3.91
san policarpo,100,PH,1647913580,84,12.1791,125.5072,81.43,6.55
bengkulu,100,ID,1647913580,73,-3.8004,102.2655,81.01,4.21
port lincoln,100,AU,1647913580,78,-34.7333,135.8667,66.4,12.93
mar del plata,100,AR,1647913580,88,-38.0023,-57.5575,65.08,40
yumen,0,CN,1647913581,45,40.2833,97.2,40.46,16.62
fairbanks,0,US,1647913581,42,64.8378,-147.7164,17.1,8.05
tuktoyaktuk,20,CA,1647913581,76,69.4541,-133.0374,-14.8,0
dunedin,100,NZ,1647913582,95,-45.8742,170.5036,58.8,5.99
klaksvik,100,FO,1647913582,86,62.2266,-6.589,43.72,16.46
saint-philippe,91,RE,1647913582,90,-21.3585,55.7679,78.39,10.27
lugazi,86,UG,1647913583,95,0.3772,32.9197,64.6,1.74
acari,31,PE,1647913583,74,-15.4311,-74.6158,72.64,3.78
yellowknife,100,CA,1647913558,80,62.456,-114.3525,16.41,13.8
illoqqortoormiut,,,,,,,,
zhigansk,40,RU,1647913584,91,66.7697,123.3711,0.99,3.74
qala,20,AZ,1647913585,75,40.4418,50.1681,37.29,4.61
cherskiy,100,RU,1647913585,82,68.75,161.3,28.47,13.67
fortuna,0,US,1647913585,85,40.5982,-124.1573,55.09,13.8
coihaique,75,CL,1647913586,66,-45.5752,-72.0662,51.75,3.44
alta floresta,0,BR,1647913586,100,-9.8756,-56.0861,75.02,0
pizarro,100,CO,1647913586,88,4.9533,-77.366,77.5,2.37
birao,17,CF,1647913586,12,10.2849,22.7882,73.6,4
provideniya,0,RU,1647913587,68,64.3833,-173.3,19.51,4.47
rio gallegos,0,AR,1647913587,71,-51.6226,-69.2181,50.05,5.75
valparaiso,0,CL,1647913587,61,-33.0393,-71.6273,64.04,10.36
marcona,,,,,,,,
half moon bay,0,US,1647913589,71,37.4636,-122.4286,68.88,24.16
biak,100,ID,1647913589,72,-0.9131,122.8766,80.8,1.16
albany,50,US,1647913589,51,42.6001,-73.9662,44.37,1.01
constantine,100,DZ,1647913534,93,36.365,6.6147,45.81,2.3
pahrump,5,US,1647913590,17,36.2083,-115.9839,71.65,8.01
attawapiskat,,,,,,,,
puerto ayora,16,EC,1647913591,90,-0.7393,-90.3518,79.56,4
constitucion,0,CL,1647913591,80,-35.3333,-72.4167,55.74,10.85
nguiu,,,,,,,,
todos santos,0,MX,1647913591,77,23.45,-110.2167,67.66,6.06
camana,85,PE,1647913592,83,-16.6228,-72.7111,69.76,6.64
zalantun,3,CN,1647913592,47,48,122.7167,33.8,13.31
chhapar,0,IN,1647913592,14,27.8167,74.4,77.65,5.53
ilulissat,39,GL,1647913592,46,69.2167,-51.1,-2.18,2.3
laguna,0,US,1647913593,26,38.421,-121.4238,82.69,18.41
faanui,13,PF,1647913593,74,-16.4833,-151.75,81.86,15.97
leninsk-kuznetskiy,100,RU,1647913593,88,54.6567,86.1737,21.24,12.1
narsaq,10,GL,1647913594,67,60.9167,-46.05,12.42,7.81
kaitangata,100,NZ,1647913594,80,-46.2817,169.8464,63.25,13.56
banmo,,,,,,,,
tasiilaq,0,GL,1647913595,56,65.6145,-37.6368,8.76,4.32
praia,20,CV,1647913575,73,14.9215,-23.5087,68.54,23.02
huarmey,95,PE,1647913596,82,-10.0681,-78.1522,71.08,8.34
mehamn,95,NO,1647913597,74,71.0357,27.8492,32.67,40.58
gadung,78,PH,1647913597,71,6.8025,124.02,83.64,2.84
onguday,100,RU,1647913598,83,50.75,86.15,19.44,3.2
whitehorse,75,CA,1647913559,69,60.7161,-135.0538,34.11,6.91
fort nelson,75,CA,1647913598,59,58.8053,-122.7002,27.99,2.3
aktau,33,KZ,1647913599,63,43.65,51.2,37.98,14.07
butaritari,50,KI,1647913599,78,3.0707,172.7902,80.64,14.32
taolanaro,,,,,,,,
carballo,84,ES,1647913600,88,43.213,-8.691,51.91,3.58
geraldton,0,AU,1647913531,50,-28.7667,114.6,77.41,11.5
hermanus,24,ZA,1647913600,89,-34.4187,19.2345,66.79,10.25
lasa,3,IT,1647913600,65,46.6166,10.7002,36.48,1.23
afua,100,BR,1647913601,97,-0.1567,-50.3867,73.33,4
kieta,84,PG,1647913601,65,-6.2167,155.6333,86.16,5.1
hirara,75,JP,1647913488,94,24.8,125.2833,73.67,11.5
enterprise,75,US,1647913602,18,36.0252,-115.2419,70.16,6.91
krutinka,100,RU,1647913602,98,56.0055,71.5113,16.95,4.41
vaitupu,,,,,,,,
magadan,100,RU,1647913603,94,59.5667,150.8,25.5,5.95
mantua,0,IT,1647913603,68,45.1667,10.7833,40.24,1.99
hovd,100,MN,1647913603,31,48.0056,91.6419,24.69,2.06
port moresby,40,PG,1647913604,62,-9.4431,147.1797,90.82,11.5
solnechnyy,100,RU,1647913604,60,50.7214,136.6319,25.21,7.61
dingle,100,PH,1647913604,62,10.9995,122.6711,87.39,10
bam,64,IR,1647913508,17,29.106,58.357,67.62,9.01
bonavista,90,CA,1647913605,90,48.6499,-53.1147,32.97,18.37
codrington,98,AU,1647913605,62,-38.2667,141.9667,68.81,6.91
new norfolk,100,AU,1647913605,73,-42.7826,147.0587,62.1,1.01
college,0,US,1647913606,42,64.8569,-147.8028,17.08,8.05
maceio,75,BR,1647913606,94,-9.6658,-35.7353,74.64,5.75
samana,21,DO,1647913606,73,19.2056,-69.3369,73.87,8.12
nome,0,US,1647913606,67,64.5011,-165.4064,17.67,0
hillsborough,20,US,1647913607,71,37.5741,-122.3794,68.58,24.16
acapulco,20,MX,1647913313,83,16.8634,-99.8901,78.62,5.75
xinmin,0,CN,1647913514,24,41.9908,122.8253,41.07,4.52
ambilobe,1,MG,1647913600,96,-13.2,49.05,73.13,2.59
tura,11,IN,1647913608,35,25.5198,90.2201,79.97,3.42
bambous virieux,75,MU,1647913608,100,-20.3428,57.7575,77.25,10.36
mao,75,ES,1647913609,71,39.8885,4.2658,54.16,14.97
alexandria,40,EG,1647913530,71,31.2156,29.9553,49.96,5.75
bargal,,,,,,,,
kaputa,100,ZM,1647913610,93,-8.4689,29.6619,67.37,1.41
nikolskoye,14,RU,1647913610,91,59.7035,30.7861,35.71,6.42
ust-kamchatsk,,,,,,,,
trincomalee,67,LK,1647913611,84,8.5711,81.2335,79.77,11.97
bredasdorp,43,ZA,1647913611,93,-34.5322,20.0403,67.01,8.14
tyazhinskiy,100,RU,1647913611,87,56.116,88.524,20.32,10.54
edson,75,CA,1647913612,42,53.5835,-116.4356,44.74,11.5
sentyabrskiy,,,,,,,,
kadnikov,48,RU,1647913612,92,59.5022,40.338,30.02,7.29
samarai,29,PG,1647913613,65,-10.6167,150.6667,87.24,8.23
nanortalik,13,GL,1647913613,84,60.1432,-45.2371,16.63,7.76
verkhoyansk,100,RU,1647913613,88,67.5447,133.385,-2.7,4.03
karamay,,,,,,,,
qeshm,64,IR,1647913614,69,26.9581,56.2719,67.89,1.21
san patricio,25,US,1647913614,86,28.017,-97.5169,75.54,19.01
shingu,100,JP,1647913614,95,33.7333,135.9833,47.14,8.66
tefe,63,BR,1647913615,98,-3.3542,-64.7114,73.78,0.94
lavrentiya,99,RU,1647913615,85,65.5833,-171,10.85,3.83
hithadhoo,17,MV,1647913615,74,-0.6,73.0833,83.64,15.93
loncoche,72,CL,1647913615,97,-39.3667,-72.6333,48.11,0.83
port elizabeth,0,ZA,1647913592,99,-33.918,25.5701,64.31,3.85
kiruna,77,SE,1647913616,63,67.8557,20.2251,23.92,5.75
lopsmarka,100,NO,1647913616,94,67.3134,14.4493,37.29,8.05
saskylakh,100,RU,1647913617,95,71.9167,114.0833,2.79,4.38
iquitos,75,PE,1647913617,94,-3.7481,-73.2472,77.04,1.14
aberdeen,24,GB,1647913617,93,57.1437,-2.0981,36.09,2.3
khatanga,98,RU,1647913617,98,71.9667,102.5,-15,6.93
san cristobal,56,VE,1647913618,79,7.7669,-72.225,73.58,0.13
henties bay,100,NA,1647913618,87,-22.116,14.2845,70.02,5.01
utiroa,,,,,,,,
kralendijk,75,BQ,1647913619,78,12.15,-68.2667,78.78,14.97
atar,0,MR,1647913619,19,20.5169,-13.0499,72.25,8.3
estrela,42,BR,1647913391,90,-28.0611,-50.9383,56.05,8.75
keflavik,100,IS,1647913619,100,64.0049,-22.5624,42.71,17.27
castro,84,BR,1647913620,94,-24.7911,-50.0119,58.32,10.98
esperance,69,AU,1647913620,54,-33.8667,121.9,66.04,13.13
pevek,100,RU,1647913620,73,69.7008,170.3133,26.83,21.14
noumea,75,NC,1647913482,69,-22.2763,166.4572,84.18,7.7
doha,0,QA,1647913621,42,25.2867,51.5333,69.78,4.61
newport,59,GB,1647913621,81,51.5877,-2.9984,50.52,7.63
paracuru,100,BR,1647913621,87,-3.41,-39.0306,78.12,7.9
pacifica,20,US,1647913622,73,37.6138,-122.4869,66.29,24.16
belaya gora,100,RU,1647913622,90,68.5333,146.4167,8.96,6.58
burica,,,,,,,,
cabo san lucas,24,MX,1647913586,65,22.8909,-109.9124,78.1,3
kaduy,56,RU,1647913623,89,59.2,37.15,32.09,8.93
mahebourg,75,MU,1647913623,100,-20.4081,57.7,77.29,10.36
dikson,100,RU,1647913624,96,73.5069,80.5464,1.02,15.82
bowen,5,AU,1647913624,58,-20.0167,148.2333,82.99,14.99
bandarbeyla,10,SO,1647913624,83,9.4942,50.8122,74.05,1.39
lebu,21,CL,1647913625,90,-37.6167,-73.65,55.53,13.4
tezu,1,IN,1647913625,25,27.9167,96.1667,84.54,2.13
richards bay,64,ZA,1647913556,79,-28.783,32.0377,65.57,4.68
linxia,100,CN,1647913437,65,35.6003,103.2064,44.26,1.66
aporawan,,,,,,,,
baruun-urt,30,MN,1647913626,30,46.6806,113.2792,28.9,13.87
olinda,75,BR,1647913627,100,-8.0089,-34.8553,76.73,9.22
redlands,46,US,1647913627,36,34.0556,-117.1825,75.42,8.55
tuatapere,19,NZ,1647913627,47,-46.1333,167.6833,72.37,4.52
chokurdakh,100,RU,1647913628,92,70.6333,147.9167,5.86,16.37
japura,42,ID,1647913628,63,-0.3167,102.35,85.84,1.05
aykhal,92,RU,1647913628,93,66,111.5,6.55,3.96
tiznit,55,MA,1647913628,82,29.5833,-9.5,52.32,1.54
touros,98,BR,1647913629,87,-5.1989,-35.4608,77.81,7.43
ixtapa,20,MX,1647913629,73,20.7,-105.2,72.63,11.5
ekhabi,10,RU,1647913629,68,53.5102,142.9671,20.97,19.06
banda aceh,100,ID,1647913630,70,5.5577,95.3222,82.13,8.48
yamada,100,JP,1647913630,61,39.4667,141.95,38.43,6.62
kerteh,,,,,,,,
carnarvon,100,AU,1647913592,57,-24.8667,113.6333,80.67,16.11
mazyr,6,BY,1647913631,84,52.0495,29.2456,34.47,5.3
samusu,,,,,,,,
dedovichi,6,RU,1647913632,95,57.5517,29.9502,29.91,4.92
norman wells,20,CA,1647913633,55,65.282,-126.8329,3.24,13.8
tasbuget,,,,,,,,
airai,58,TL,1647913633,56,-8.9266,125.4092,74.53,0.83
matara,98,LK,1647913634,86,5.9485,80.5353,79.68,9.19
ribeira grande,100,PT,1647913634,70,38.5167,-28.7,57.54,19.71
kavieng,99,PG,1647913634,72,-2.5744,150.7967,84.02,3.6
upington,0,ZA,1647913590,82,-28.4478,21.2561,66.58,4.61
obo,98,CF,1647913635,73,5.3998,26.4869,71.2,3
nchelenge,94,ZM,1647913635,92,-9.3451,28.734,67.95,7.02
susehri,67,TR,1647913635,92,40.1644,38.0867,11.82,2.21
zaozhuang,100,CN,1647913636,42,34.8647,117.5542,49.1,9.26
gamba,100,GA,1647913636,86,-2.65,10,78.51,5.61
yeppoon,21,AU,1647913636,57,-23.1333,150.7333,82.18,9.08
bima,29,ID,1647913636,69,-8.4667,118.7167,86.29,4.18
sechura,98,PE,1647913637,73,-5.5569,-80.8222,72.82,14.65
synya,100,RU,1647913637,94,65.3718,58.0387,16.72,13.02
yialos,,,,,,,,
sahrak,,,,,,,,
santiago del estero,100,AR,1647913638,47,-27.7951,-64.2615,73.87,3.89
homer,2,US,1647913639,47,59.6425,-151.5483,38.8,18.01
maple valley,100,US,1647913639,94,47.3927,-122.0464,49.17,1.81
teya,100,RU,1647913639,90,60.3778,92.6267,19.99,7.14
svetlogorsk,5,BY,1647913640,87,52.6333,29.7333,34.18,5.3
karauzyak,,,,,,,,
torbay,100,CA,1647913641,98,47.6666,-52.7314,37.58,21.85
nizwa,0,OM,1647913641,38,22.9333,57.5333,64.8,2.08
necochea,100,AR,1647913641,80,-38.5473,-58.7368,60.6,17.96
nizhneyansk,,,,,,,,
zhangye,99,CN,1647913642,33,38.9342,100.4517,39.11,6.24
mount isa,6,AU,1647913642,23,-20.7333,139.5,94.77,5.75
antofagasta,53,CL,1647913642,79,-23.65,-70.4,61.88,5.1
san quintin,86,MX,1647913643,79,30.4833,-115.95,59.27,7.94
kapaa,20,US,1647913643,70,22.0752,-159.319,82.38,16.11
vedi,92,AM,1647913643,87,39.9142,44.7222,33.19,2.73
bure,84,ET,1647913643,39,10.7,37.0667,65.25,2.21
tazmalt,100,DZ,1647913644,90,36.3868,4.3989,52.93,3.58
we,,,,,,,,
la tuque,98,CA,1647913644,59,47.4334,-72.7824,28.65,11.5
thinadhoo,9,MV,1647913645,73,0.5333,72.9333,83.52,15.19
prieska,15,ZA,1647913645,59,-29.6641,22.7474,69.69,4.7
galiwinku,,,,,,,,
krasnovishersk,100,RU,1647913646,100,60.4078,57.082,3.83,1.07
kattivakkam,100,IN,1647913646,76,13.2167,80.3167,84.29,8.68
port keats,100,AU,1647913646,54,-14.25,129.55,91.44,4
solton,100,RU,1647913647,87,52.8429,86.4787,20.91,3.18
jiangyou,100,CN,1647913647,87,31.7667,104.7167,50.77,2.15
carrickmacross,85,IE,1647913647,88,53.9728,-6.7189,47.68,9.98
danshui,84,CN,1647913648,76,22.7984,114.4672,79.21,5.1
tendo,75,JP,1647913648,80,38.3536,140.3697,33.73,2.3
cap malheureux,56,MU,1647913648,89,-19.9842,57.6142,77.47,3
roma,0,US,1647913447,59,43.2128,-75.4557,41.83,4.61
saint andrews,40,US,1647913649,48,34.0454,-81.1293,62.33,3.44
san andres,20,CO,1647913649,74,12.5847,-81.7006,82.42,12.66
davila,22,PH,1647913649,70,18.4726,120.5763,84.18,5.61
qandala,6,SO,1647913649,69,11.472,49.8728,77.04,8.28
martinsburg,3,US,1647913650,55,39.4562,-77.9639,55.89,3.58
ketchikan,100,US,1647913650,93,55.3422,-131.6461,46.38,13.8
douglas,100,US,1647913650,91,41.3,-96.167,51.1,10.36
nemuro,1,JP,1647913651,63,43.3236,145.575,34.25,17.98
rocha,24,UY,1647913651,67,-34.4833,-54.3333,62.46,11.5
vanavara,100,RU,1647913651,91,60.34,102.2797,18.37,8.72
grand-lahou,43,CI,1647913651,91,5.1367,-5.0242,77.9,4.83
paamiut,100,GL,1647913652,77,61.994,-49.6678,5.86,6.49
grand centre,,,,,,,,
ust-kulom,100,RU,1647913652,93,61.6864,53.6902,22.98,6.78
ozernovskiy,100,RU,1647913652,59,51.5,156.5167,28.42,23.15
vao,70,NC,1647913653,66,-22.6667,167.4833,77.02,8.57
merrill,100,US,1647913653,97,45.1805,-89.6835,38.12,10.36
beni,60,CD,1647913653,98,0.5,29.4667,61.45,0.76
kidal,43,ML,1647913653,11,18.4411,1.4078,74.26,11.1
puqi,100,CN,1647913654,95,29.7167,113.8833,45.72,6.51
yichang,100,CN,1647913654,86,30.7144,111.2847,47.68,2.24
maraba,100,BR,1647913654,97,-5.3686,-49.1178,73.33,0.25
hualmay,69,PE,1647913654,83,-11.0964,-77.6139,70.41,8.14
tiksi,52,RU,1647913655,96,71.6872,128.8694,-9.08,0.69
vila velha,75,BR,1647913655,92,-20.3297,-40.2925,69.94,15.99
marsa matruh,75,EG,1647913655,76,31.3525,27.2453,50.2,3.44
kodiak,0,US,1647913655,45,57.79,-152.4072,40.51,14.97
yurimaguas,64,PE,1647913656,97,-5.9,-76.0833,71.91,2.01
beyneu,93,KZ,1647913656,64,45.3167,55.2,31.78,14.47
tambopata,40,PE,1647913656,99,-12.7333,-69.1833,71.37,1.52
sao joao da barra,100,BR,1647913657,87,-21.6403,-41.0511,71.38,15.82
hami,22,CN,1647913657,29,42.8,93.45,44.06,7.18
sinnamary,100,GF,1647913657,89,5.3833,-52.95,76.44,9.75
palabuhanratu,,,,,,,,
zambezi,100,ZM,1647913658,95,-13.5432,23.1047,65.5,4.94
prince rupert,100,CA,1647913658,87,54.3161,-130.3201,46.49,33.38
ambulu,100,ID,1647913659,74,-8.345,113.6058,82.94,1.39
uvarovo,12,RU,1647913659,95,51.9849,42.2615,17.71,4.14
peace river,20,CA,1647913659,52,56.2501,-117.286,44.91,11.5
vostok,98,RU,1647913660,69,46.4856,135.8833,24.58,13.4
asyut,0,EG,1647913529,56,27.181,31.1837,51.98,15.08
nsanje,78,MW,1647913660,98,-16.92,35.262,65.53,1.92
pangnirtung,100,CA,1647913661,79,66.1451,-65.7125,-10.12,4.36
ondangwa,95,NA,1647913661,94,-17.9167,15.95,69.8,1.14
batagay-alyta,29,RU,1647913661,67,67.8006,130.4114,-2.07,3.36
grand river south east,,,,,,,,
hofn,100,IS,1647913662,100,64.2539,-15.2082,45.19,12.15
tumaco,100,CO,1647913662,90,1.7986,-78.8156,77.41,7.94
kupino,100,RU,1647913662,94,54.3663,77.2981,17.56,13.13
salalah,0,OM,1647913662,23,17.0151,54.0924,69.89,5.75
nador,0,MA,1647913663,77,35.174,-2.9287,57.45,3.44
ponca city,100,US,1647913663,87,36.707,-97.0856,49.96,17.27
kununurra,100,AU,1647913587,46,-15.7667,128.7333,94.98,4.61
meulaboh,64,ID,1647913664,85,4.1363,96.1285,78.87,5.14
waipawa,18,NZ,1647913664,70,-41.4122,175.5153,69.93,9.66
fulton,75,US,1647913665,36,33.7668,-84.4499,64.81,8.05
balaipungut,99,ID,1647913665,81,1.05,101.2833,81.45,2.33
mezen,100,RU,1647913665,84,65.8522,44.24,29.61,11.79
makokou,86,GA,1647913665,98,0.5738,12.8642,67.87,2.24
husavik,100,IS,1647913666,87,66.0449,-17.3389,31.44,2.17
villa union,33,MX,1647913666,81,23.2,-106.2333,69.91,5.64
paralimni,28,CY,1647913666,62,35.0375,33.9833,45.14,8.01
kamina,100,CD,1647913666,99,-8.7386,24.9906,64.02,2.59
tocopilla,20,CL,1647913667,73,-22.092,-70.1979,69.24,8.03
taoudenni,0,ML,1647913667,19,22.6783,-3.9836,71.76,11.74
inowroclaw,0,PL,1647913667,75,52.7989,18.2639,36.91,7
sedelnikovo,,,,,,,,
luderitz,23,NA,1647913668,72,-26.6481,15.1594,69.35,17
kalmunai,28,LK,1647913668,84,7.4167,81.8167,79.66,6.53
platteville,0,US,1647913669,47,42.7342,-90.4785,63.16,6.91
mys shmidta,,,,,,,,
buraydah,0,SA,1647913669,39,26.326,43.975,57.65,1.99
tadine,96,NC,1647913670,71,-21.55,167.8833,79,10
pyaozerskiy,18,RU,1647913670,95,65.8333,31.1667,24.19,5.48
souillac,75,MU,1647913670,100,-20.5167,57.5167,77.38,10.36
sao miguel do araguaia,60,BR,1647913670,83,-13.275,-50.1628,72.9,0.89
chuy,85,UY,1647913671,59,-33.6971,-53.4616,67.59,14.63
sonoma,0,US,1647913671,54,38.55,-122.9011,73.83,14.97
cockburn harbour,,,,,,,,
viligili,,,,,,,,
borama,,,,,,,,
lempaala,0,FI,1647913673,86,61.3167,23.75,33.42,4.61
mayumba,100,GA,1647913673,90,-3.432,10.6554,77.79,8.3
comodoro rivadavia,0,AR,1647913674,34,-45.8667,-67.5,67.86,19.57
asau,14,RO,1647913674,85,46.4333,26.4,33.28,6.26
koslan,100,RU,1647913674,94,63.4564,48.8989,28.18,10.09
argir,91,FO,1647913675,85,61.9959,-6.7715,43.77,11.7
rabo de peixe,75,PT,1647913675,83,37.8,-25.5833,56.71,12.66
adrar,0,MR,1647913675,13,20.5022,-10.0711,71.92,9.13
axim,100,GH,1647913675,87,4.8699,-2.2405,79.61,5.53
ust-omchug,100,RU,1647913676,90,61.15,149.6333,14.4,8.93
opuwo,93,NA,1647913676,85,-18.0607,13.84,69.01,6.58
bajil,58,YE,1647913676,76,15.0584,43.2851,77.63,4.92
meadow lake,100,US,1647913677,83,34.8014,-106.5436,44.4,6.31
bridgetown,75,BB,1647913677,78,13.1,-59.6167,75.69,9.22
tabou,86,CI,1647913677,88,4.423,-7.3528,77.09,4.29
upernavik,94,GL,1647913678,67,72.7868,-56.1549,-18.38,5.32
conde,75,BR,1647913678,100,-7.2597,-34.9075,74.66,4.61
honiara,37,SB,1647913420,68,-9.4333,159.95,86.49,6.64
saleaula,,,,,,,,
ola,100,RU,1647913679,94,59.5833,151.2833,26.53,8.79
korla,84,CN,1647913679,81,41.7597,86.1469,40.39,5.5
isangel,96,VU,1647913680,78,-19.55,169.2667,81.59,4.85
port hawkesbury,100,CA,1647913680,84,45.6169,-61.3485,33.82,10.36
rio grande,96,BR,1647913681,65,-32.035,-52.0986,69.94,21.32
khash,0,IR,1647913681,30,28.2211,61.2158,55.67,1.5
vihari,0,PK,1647913681,20,30.0333,72.35,72.28,3.11
nagato,78,JP,1647913682,75,34.3833,131.2,52.2,13.71
aizkraukle,0,LV,1647913682,66,56.6048,25.2553,32.74,1.81
pochutla,5,MX,1647913682,67,15.7432,-96.4661,80.82,4.16
siva,87,EG,1647913682,60,29.2041,25.5195,50.94,10.13
saint-francois,0,FR,1647913682,79,46.4154,3.9054,42.67,1.14
gladstone,100,AU,1647913650,51,-23.85,151.25,86.79,8.05
siocon,96,PH,1647913683,75,7.7061,122.1353,83.84,1.72
cassilandia,31,BR,1647913630,98,-19.1133,-51.7342,68.88,4.43
bandar,76,ID,1647913608,61,2.05,99.75,84.58,0.34
palmer,0,US,1647913684,39,42.1584,-72.3287,47.75,21.85
ponta do sol,98,PT,1647913684,72,32.6667,-17.1,65.07,7.72
yuma,0,US,1647913684,10,32.7253,-114.6244,80.76,12.66
sistranda,0,NO,1647913685,75,63.7256,8.834,33.76,5.32
sainte-marie,100,RE,1647913685,84,-20.8968,55.5496,78.96,10.36
silifke,5,TR,1647913523,51,36.3778,33.9344,43.21,12.68
narrabri,3,AU,1647913685,30,-30.3167,149.7833,87.53,8.05
komsomolskiy,100,UZ,1647913686,87,40.4272,71.7189,43.52,4.61
havoysund,100,NO,1647913686,74,70.9963,24.6622,35.83,38.23
chengde,100,CN,1647913686,38,40.9725,117.9361,37.42,1.63
flinders,76,AU,1647913687,68,-34.5833,150.8552,81.68,3
mendi,94,PG,1647913687,73,-6.1761,143.6513,68.25,5.59
camargo,72,MX,1647913687,15,27.6667,-105.1667,62.42,24.67
baguanos,0,CU,1647913688,69,20.7517,-76.0269,75.49,13.06
vardo,100,NO,1647913688,73,70.3705,31.1107,33.08,38.27
tilichiki,93,RU,1647913688,92,60.4667,166.1,31.33,15.46
tula,11,RU,1647913689,97,54.2044,37.6111,25.41,3.09
pozhva,96,RU,1647913689,98,59.0912,56.0847,15.15,5.32
angren,100,UZ,1647913689,84,41.0167,70.1436,44.13,3.69
baykit,100,RU,1647913689,93,61.67,96.37,18.16,4.16
manono,100,CD,1647913690,98,-7.3,27.4167,68.79,3.51
tres arroyos,100,AR,1647913690,66,-38.3739,-60.2798,59.74,14.32
quang ngai,95,VN,1647913620,74,15.1167,108.8,82.78,5.35
samalaeulu,,,,,,,,
saint george,0,US,1647913691,23,37.1041,-113.5841,61.39,13.8
nantucket,0,US,1647913692,63,41.2835,-70.0995,51.91,11.5
sosnogorsk,100,RU,1647913692,87,63.6023,53.8817,24.94,9.71
nishihara,100,JP,1647913692,94,26.1842,127.7558,73.06,10.36
rudnyy,84,KZ,1647913692,99,52.9594,63.1206,26.83,6.35
abu zabad,2,SD,1647913693,9,12.35,29.25,72.68,9.46
sfantu gheorghe,9,RO,1647913693,84,45.8667,25.7833,35.65,1.39
batagay,100,RU,1647913693,92,67.6333,134.6333,-2.16,3.67
rovnoye,6,RU,1647913693,92,50.7765,46.0509,16.75,8.48
udachnyy,95,RU,1647913693,90,66.4167,112.4,7.16,10.2
el alto,100,PE,1647913694,76,-4.2714,-81.2147,72.82,13.47
kitui,37,KE,1647913694,98,-1.367,38.0106,61,4.09
kudahuvadhoo,0,MV,1647913694,69,2.6708,72.8944,82.74,14.99
kosh-agach,100,RU,1647913695,85,50,88.6667,0.59,0.74
cairns,100,AU,1647913688,64,-16.9167,145.7667,89.11,17.27
haddonfield,0,US,1647913695,53,39.8915,-75.0377,57.56,0
mahanje,100,TZ,1647913696,99,-9.9333,35.3333,65.28,1.01
port hedland,52,AU,1647913469,34,-20.3167,118.5667,96.85,6.91
byron bay,1,AU,1647913696,58,-28.65,153.6167,79.95,7.52
porkhov,17,RU,1647913696,95,57.765,29.5561,29.39,4.92
umzimvubu,,,,,,,,
griffith,0,US,1647913697,55,41.5284,-87.4237,66.06,6.91
trelew,87,AR,1647913697,49,-43.249,-65.3051,63.3,7.78
marfino,0,RU,1647913698,68,55.7028,37.3822,30.45,4.47
mount gambier,75,AU,1647913698,68,-37.8333,140.7667,66.11,10.36
longlac,,,,,,,,
kloulklubed,95,PW,1647913699,75,7.0419,134.2556,82.9,14.94
ahvaz,75,IR,1647913699,42,31.3203,48.6693,64.35,2.3
sabang,92,ID,1647913699,72,5.8933,95.3214,82.31,12.46
hondo,100,JP,1647913699,78,32.45,130.2,52.48,19.33
hihifo,,,,,,,,
mazulskiy,,,,,,,,
yerofey pavlovich,8,RU,1647913701,65,53.9667,121.9667,26.22,3.8
talnakh,77,RU,1647913701,90,69.4865,88.3972,-11.13,2.3
pasni,0,PK,1647913604,80,25.2631,63.471,74.12,7.25
kigoma,96,TZ,1647913702,84,-4.8769,29.6267,71.85,7.2
pundaguitan,82,PH,1647913702,76,6.3711,126.1689,81.64,7.14
manaquiri,100,BR,1647913702,98,-3.3167,-60.35,77.45,2.53
winsum,99,NL,1647913449,84,53.33,6.5208,46.38,2.71
cockburn town,2,TC,1647913703,70,21.4612,-71.1419,77.34,19.04
sitrah,0,BH,1647913703,46,26.1547,50.6206,72.36,3.44
harper,52,LR,1647913703,85,4.375,-7.7169,77.79,3.78
cayenne,100,GF,1647913678,1,4.9333,-52.3333,80.1,5.75
cedar city,0,US,1647913704,36,37.6775,-113.0619,41.97,14.97
lagos,100,NG,1647913704,86,6.5833,3.75,82.72,4.43
mikkeli,0,FI,1647913704,74,61.6886,27.2723,30.15,4.61
itinga,0,BR,1647913705,85,-16.6131,-41.7653,70.43,3.94
saint-pierre,75,RE,1647913705,91,-21.3393,55.4781,78.48,10.36
nuuk,98,GL,1647913705,82,64.1835,-51.7216,-3.64,6.64
haverfordwest,87,GB,1647913705,83,51.8017,-4.9691,53.19,1.01
inuvik,75,CA,1647913706,65,68.3499,-133.7218,-3.14,3.44
wewak,92,PG,1647913706,63,-3.5534,143.6268,86.47,5.93
quatre cocos,38,MU,1647913706,83,-20.2078,57.7625,77.11,8.1
vitre,10,FR,1647913707,96,48.1178,-1.2058,47.28,8.5
namtsy,10,RU,1647913707,78,62.7161,129.6658,11.79,10.92
mersing,40,MY,1647913522,89,2.4312,103.8405,80.51,0
yulara,15,AU,1647913707,16,-25.2406,130.9889,93.04,8.05
hasaki,100,JP,1647913574,89,35.7333,140.8333,37.8,26.4
leningradskiy,100,RU,1647913708,87,69.3833,178.4167,15.67,8.48
coahuayana,8,MX,1647913708,63,18.7333,-103.6833,70,1.05
tecpan,14,GT,1647913708,79,14.7623,-90.9947,57.88,2.57
tsabong,39,BW,1647913709,50,-26.0217,22.401,70.61,11.27
jertih,100,MY,1647913534,84,5.7336,102.4897,81.3,2.46
tual,100,ID,1647913709,82,-5.6667,132.75,80.69,16.8
raga,18,SS,1647913709,13,8.4596,25.678,76.14,2.1
cabo rojo,29,PR,1647913710,83,18.0866,-67.1457,76.68,4.99
agadir,88,MA,1647913710,86,30.4202,-9.5982,57.65,6.67
pandamatenga,0,BW,1647913710,68,-18.5278,25.627,59.76,8.08
tooele,0,US,1647913711,48,40.5308,-112.2983,38.98,0
ostrovnoy,100,RU,1647913711,78,68.0531,39.5131,29.64,27.36
feni,7,BD,1647913711,56,23.0186,91.41,78.98,2.53
atlantic city,0,US,1647913663,59,39.3643,-74.4229,55.58,4.61
chapais,100,CA,1647913712,88,49.7834,-74.8492,11.98,14.41
flin flon,100,CA,1647913712,99,54.7682,-101.865,31.59,6.73
jurm,100,AF,1647913712,45,36.8648,70.8342,51.71,5.97
ponta delgada,75,PT,1647913712,67,37.7333,-25.6667,57.92,12.66
magistralnyy,100,RU,1647913713,81,56.1725,107.4458,23.92,4.52
urumqi,0,CN,1647913713,64,43.801,87.6005,32.95,6.71
sungairaya,99,ID,1647913713,68,0.7,108.9,81.97,6.82
inhambane,61,MZ,1647913714,86,-23.865,35.3833,72.14,8.88
mananara,96,MG,1647913714,88,-16.1667,49.7667,74.8,6.78
price,0,US,1647913714,33,39.5994,-110.8107,43.86,20.71
lolua,,,,,,,,
victoria point,0,AU,1647913715,55,-27.5833,153.3,85.44,5.01
arlit,0,NE,1647913715,9,18.7369,7.3853,74.55,8.01
the valley,24,AI,1647913517,73,18.217,-63.0578,78.82,17.07
polunochnoye,84,RU,1647913716,99,60.8697,60.4153,5.94,3.42
sun prairie,100,US,1647913716,69,43.1836,-89.2137,51.94,12.66
olavarria,100,AR,1647913716,87,-36.8927,-60.3225,60.03,12.35
savannah bight,2,HN,1647913717,76,16.45,-85.85,80.76,21.9
karratha,97,AU,1647913606,39,-20.7377,116.8463,95,13.44
oistins,75,BB,1647913717,78,13.0667,-59.5333,75.29,9.22
poum,89,NC,1647913718,76,-20.2333,164.0167,80.42,13.49
mecca,0,SA,1647913578,27,21.4267,39.8261,72.25,0.38
victoria,100,HK,1647913517,91,22.2855,114.1577,79.97,11.99
enshi,100,CN,1647913718,91,30.3,109.4833,47.07,0.98
kozhva,100,RU,1647913719,91,65.1073,57.0459,22.53,12.41
san jose,20,US,1647913483,49,37.3394,-121.895,68.85,14.97
kyzyl-suu,100,KG,1647913719,70,42.3414,78.0056,35.31,3.87
kofarnihon,,,,,,,,
play cu,,,,,,,,
namibe,100,AO,1647913721,82,-15.1961,12.1522,73.8,8.39
tiarei,70,PF,1647913721,76,-17.5333,-149.3333,84.22,13.69
cooma,96,AU,1647913721,68,-36.2333,149.1333,73.17,8.05
imamoglu,5,TR,1647913722,54,37.2651,35.6572,45.63,6.17
placido de castro,100,BR,1647913722,99,-10.3353,-67.1856,73.54,1.39
angoram,100,PG,1647913722,49,-4.0625,144.0661,92.89,2.62
pascagoula,0,US,1647913722,74,30.3658,-88.5561,66.25,11.5
parana,88,AR,1647913723,79,-31.732,-60.5238,71.56,7.09
grand-santi,99,GF,1647913723,99,4.25,-54.3833,72.09,2.68
yakovlevka,6,RU,1647913723,51,44.425,133.4772,33.94,8.37
longyearbyen,75,SJ,1647913435,63,78.2186,15.6401,21.04,25.32
anadyr,20,RU,1647913724,86,64.75,177.4833,27.1,31.32
louisbourg,,,,,,,,
lubuk pakam,81,ID,1647913725,77,3.5604,98.8767,78.94,2.15
seleron,60,GR,1647913725,49,41.1333,25,40.93,11.63
saldanha,0,ZA,1647913725,90,-33.0117,17.9442,62.65,15.93
mulchen,83,CL,1647913726,84,-37.7167,-72.2333,55.13,6.67
el carmen,59,CO,1647913726,82,8.5106,-73.4478,70.34,5.37
kurumkan,62,RU,1647913726,89,54.3,110.3,16.3,1.14
port augusta,49,AU,1647913727,36,-32.5,137.7667,84.56,5.17
xapuri,100,BR,1647913727,99,-10.6517,-68.5044,72.93,1.5
great falls,100,US,1647913727,33,47.5002,-111.3008,48.65,24.16
hamilton,0,US,1647913706,46,39.1834,-84.5333,61.43,6.91
ahipara,1,NZ,1647913728,67,-35.1667,173.1667,74.73,11.79
trairi,100,BR,1647913728,93,-3.2778,-39.2689,75.96,5.48
setermoen,67,NO,1647913728,93,68.861,18.3486,33.76,8.86
warqla,,,,,,,,
jaciara,100,BR,1647913729,92,-15.9653,-54.9683,72.12,1.48
wang saphung,75,TH,1647913730,94,17.301,101.7685,78.75,0
barawe,,,,,,,,
port hardy,100,CA,1647913730,93,50.6996,-127.4199,44.6,18.41
serenje,43,ZM,1647913730,98,-13.2325,30.2352,57.11,7.94
verkhnyaya inta,100,RU,1647913731,86,65.9811,60.3094,20.17,19.69
dabat,46,ET,1647913731,43,12.9842,37.765,56.59,3.47
ivanovka,100,KG,1647913731,91,42.8878,75.085,34.92,1.21
mackay,40,AU,1647913490,61,-21.15,149.2,87.67,10.36
belmonte,10,BR,1647913732,87,-15.8631,-38.8828,75.51,7.43
ngunguru,0,NZ,1647913732,75,-35.6167,174.5,72.97,13.67
praya,20,CV,1647913575,73,14.9215,-23.5087,68.54,23.02
lerwick,4,GB,1647913733,85,60.1545,-1.1494,41,10.18
abu samrah,65,SY,1647913733,58,35.3029,37.1841,37.6,3.96
pisco,0,PE,1647913733,78,-13.7,-76.2167,72.01,13.8
imbituba,100,BR,1647913733,82,-28.24,-48.6703,66.81,9.78
havelock,0,US,1647913734,72,34.8791,-76.9013,58.98,4.61
santa cecilia,100,BR,1647913734,96,-26.9608,-50.4269,54.61,5.48
gubkinskiy,6,RU,1647913734,99,64.434,76.5026,-8.41,7.58
nizhniy kuranakh,100,RU,1647913735,88,58.8353,125.4869,22.89,9.66
qaqortoq,18,GL,1647913735,76,60.7167,-46.0333,8.47,7.78
jodhpur,0,IN,1647913663,17,26.2867,73.03,75.79,6.22
alekseyevsk,100,RU,1647913735,90,57.8406,108.3492,22.86,9.19
tateyama,100,JP,1647913704,90,34.9833,139.8667,43.11,18.66
harer,16,ET,1647913736,60,9.3094,42.1258,61.68,4.29
el mahalla el kubra,,,,,,,,
acarau,100,BR,1647913737,88,-2.8856,-40.12,77.92,9.1
yendi,98,GH,1647913737,48,9.4427,-0.0099,85.66,7.85
krasnyy kommunar,0,RU,1647913737,73,51.9644,55.3668,19.47,13.42
nizhnevartovsk,100,RU,1647913647,100,60.9344,76.5531,14.02,2.24
kenai,0,US,1647913738,44,60.5544,-151.2583,38.03,14.97
hanzhong,100,CN,1647913738,83,33.0728,107.0303,45.27,2.91
sant julia de loria,99,AD,1647913738,83,42.4625,1.4825,37.99,2.75
ende,59,ID,1647913738,64,-8.8432,121.6623,87.37,1.63
marevo,61,RU,1647913739,98,57.3146,32.0804,29.88,4.68
zhukovka,16,RU,1647913739,98,53.534,33.728,34.07,2.01
colesberg,4,ZA,1647913739,68,-30.72,25.0972,61.66,4.05
maragogi,100,BR,1647913739,90,-9.0122,-35.2225,76.78,5.21
kupang,100,ID,1647913740,75,-10.1667,123.5833,83.57,2.44
birjand,75,IR,1647913740,19,32.8663,59.2211,57.67,11.5
masuguru,98,TZ,1647913740,97,-11.3667,38.4167,71.65,3.11
khuzdar,0,PK,1647913741,24,27.7384,66.6434,66.16,2.89
xuddur,0,SO,1647913741,84,4.1213,43.8894,70.29,10.25
ulagan,100,RU,1647913741,80,50.6321,87.9563,13.39,2.06
butajira,99,ET,1647913741,63,8.1167,38.3667,63.18,2.62
zaporizhzhya,99,UA,1647913742,78,47.8167,35.1833,36.12,16.87
correntina,45,BR,1647913742,60,-13.3433,-44.6367,71.24,2.28
guarapari,100,BR,1647913742,90,-20.6667,-40.4975,69.89,14.23
arroyo,75,ES,1647913742,85,41.6096,-4.7969,47.59,12.66
aitape,65,PG,1647913743,66,-3.1374,142.3475,86.2,6.55
nanakuli,100,US,1647913743,58,21.3906,-158.1547,83.57,12.66
bonwapitse,1,BW,1647913743,63,-23.0766,26.7037,61.41,6.17
tabiauea,,,,,,,,
sisimiut,12,GL,1647913744,69,66.9395,-53.6735,-6.95,4.21
pese,100,PA,1647913745,73,7.9,-80.6167,75.79,11.61
ampanihy,2,MG,1647913745,89,-24.7,44.75,64.58,5.68
rungata,,,,,,,,
caravelas,12,BR,1647913661,90,-17.7125,-39.2481,74.84,9.04
roseburg,100,US,1647913746,71,43.2165,-123.3417,55.51,3.44
havre-saint-pierre,100,CA,1647913746,64,50.2334,-63.5986,32.36,14.97
copiapo,0,CL,1647913746,65,-27.3667,-70.3333,66.4,1.43
butembo,74,CD,1647913747,98,0.15,29.2833,57.67,2.48
tabora,55,TZ,1647913747,95,-5.0167,32.8,62.91,4.12
bundaberg,75,AU,1647913746,56,-24.85,152.35,86.22,5.75
ewa beach,100,US,1647913748,58,21.3156,-158.0072,83.57,12.66
verkhnevilyuysk,99,RU,1647913748,91,63.4453,120.3167,14.2,2.86
